filter,reference
Sort by Price,78922
Hotel,58039
5 Star,46193
Best Value,43319
4 Star,42625
Resort,42343
Hostal (ES),35028
Motel,33698
Focus on Distance,32605
3 Star,24335
Free WiFi (Combined),20848
Very Good Rating,20351
Breakfast Included,19612
Excellent Rating,18801
House / Apartment,18720
Swimming Pool (Combined Filter),14975
Car Park,14203
Good Rating,12687
Sort By Distance,12423
Serviced Apartment,11406
Focus on Rating,9832
Air Conditioning,7885
Spa (Wellness Facility),7872
Sort By Rating,7159
2 Star,6766
Pet Friendly,5831
Satisfactory Rating,4559
All Inclusive (Upon Inquiry),4416
unknown,4296
Sort By Popularity,3870
Restaurant,3504
1 Star,3266
Kitchen,2774
Reception (24/7),2055
Bed & Breakfast,1957
Guest House,1857
Beach,1538
Jacuzzi (Hotel),1200
Swimming Pool (Indoor),1033
Pousada (BR),988
Hostel,932
Non-Smoking Rooms,904
Airport Shuttle,896
Bathtub,688
Balcony,608
Free WiFi (Rooms),568
Swimming Pool (Outdoor),514
Sauna,412
Spa Hotel,394
Luxury Hotel,283
Gym,274
Health Retreat,258
Direct beach access,254
Accessible Parking,253
Gay Friendly,236
Romantic,234
Room Service,231
Shower,203
Cheap,174
Family Friendly,150
Holiday,146
Airport Hotel,125
Terrace (Hotel),121
Camping Site,119
Wheelchair Accessible,117
Self Catering,104
Accessible Hotel,96
Bungalows,85
Playground,85
Honeymoon,85
Casa Rural (ES),82
Adults Only,81
Best Rates,77
Fridge,68
Kids' Club,68
Hotel Bar,66
Lift,65
Express Check-In / Check-Out,62
Cot,61
Business Hotel,56
Casino (Hotel),56
Nightclub,56
Water Slide,54
Teleprinter,49
Skiing,49
Washing Machine,46
Room Service (24/7),46
Swimming Pool (Bar),45
Onsen,45
Massage,43
Boutique Hotel,43
Telephone,42
Microwave,36
Hammam,36
Ski Resort,35
Central Heating,34
Farmstay,34
Halal Food,34
Television,33
Fitness,33
Steam Room,33
Sun Umbrellas,32
Deals + Beach (MX),31
Top Deals,30
Childcare,29
Business Centre,27
Towels,27
Golf Course,27
Beach Bar,24
Hypoallergenic Bedding,24
Electric Kettle,24
Flatscreen TV,24
Hot Stone Massage,23
Cable TV,23
Safe (Rooms),23
Free WiFi (Public Areas),23
Country Hotel,20
Tennis Court,20
Ironing Board,20
Club Hotel,19
Solarium,19
Boat Rental,18
Sailing,18
Conference Rooms,18
Safe (Hotel),18
Organised Activities,17
Convention Hotel,17
Hairdryer,16
Satellite TV,16
Surfing,16
Kosher Food,15
Disneyland,14
Today,14
Singles,13
Deck Chairs,12
Large Groups,11
Porter,11
Senior Travellers,11
From 3 Stars,10
From 4 Stars,9
Hydrotherapy,9
Hiking Trail,9
Disneyland Paris,8
Theme Hotel,8
Laundry Service,8
Sitting Area (Rooms),8
Pool Table,8
Computer with Internet,8
Beauty Salon,7
Deals + Beach (DE),7
Bike Rental,7
Desk,7
Body Treatments,6
Openable Windows,6
Eco-Friendly hotel,6
From 2 Stars,6
Hypoallergenic Rooms,6
Diving,6
Doctor On-Site,6
Tomorrow,5
On-Site Boutique Shopping,5
Deals + Beach (AR),5
Szep Kartya,5
Internet (Rooms),5
Small Hotel,5
Deals + Beach (GR),4
Hairdresser,4
Horse Riding,4
WiFi (Rooms),4
Minigolf,4
Design Hotel,4
Mid-Size Hotel,4
1 Night,3
Deals + Beach (IT),3
2 Nights,3
Cosmetic Mirror,3
Next Saturday,3
Convenience Store,3
Deals + Beach (TR),3
Tennis Court (Indoor),3
Bowling,2
This Monday,2
Last Minute,2
Table Tennis,2
5 Nights,2
Deals + Beach (DK),2
Deals + Beach (JP),2
Next Weekend,1
3 Nights,1
Concierge,1
Next Sunday,1
Volleyball,1
Shooting Sports,1
4 Nights,1
Weekend Breaks,1
Theater Breaks (UK/IE),1
Deals + Beach (PT),1
Radio,1
City Breaks,1
Fan,1
Next Monday,1
